name,role,bio,fun_fact,photo,order,show
Karen,President,"From: Louth
Favourite part of my course: How hands on it is ! (And meeting Megan)
Favourite memory so far: The pizzas on Lurgybrack",Favourite animal: Shark,,1,yes
Carla,Secretary,"From: Donegal
Favourite part of my course: Learning about the ways nurses contribute to a clinic and getting to advocate for that !
Favourite memory so far: Working with the animals on Lurgybrack farm in 1st year",Favourite animal: Don't have a favourite,,2,yes
Megan,Treasurer,"From: Leitrim
Favourite part of my course: Getting the chance to go on so many work placements
Favourite memory so far: Finishing the OSCES",Favourite animal: Dog,,3,yes
Caoimhe,Social Media,"From: Donegal
Favourite part of my course: Going on placement in different clinics around the country and learning new skills
Favourite memory so far: 3rd year placement",Favourite animal: Donkey,,4,yes
