image,caption,album,date,show
open-day-1.jpg,Chatting to new students at our Open Day stand,Open Day 2026,2026-08-20,yes
open-day-2.jpg,The committee's paw-print banner in full swing,Open Day 2026,2026-08-20,yes
open-day-3.jpg,Freshers signing up for the year ahead,Open Day 2026,2026-08-20,yes
farm-visit-1.jpg,Getting hands-on at Lurgybrack Farm,Lurgybrack Farm Visit,2026-05-14,yes
farm-visit-2.jpg,Meeting the newest arrivals on the farm,Lurgybrack Farm Visit,2026-05-14,yes
farm-visit-3.jpg,Muddy boots after a great day out,Lurgybrack Farm Visit,2026-05-14,yes
farm-visit-4.jpg,The whole group at the end of the visit,Lurgybrack Farm Visit,2026-05-14,no
christmas-social-1.jpg,Christmas jumpers at the ready,Christmas Social 2025,2025-12-12,yes
christmas-social-2.jpg,Quiz night winners with their prize,Christmas Social 2025,2025-12-12,yes
bake-sale-1.jpg,A very impressive bake sale spread,Bake Sale Fundraiser,2026-03-20,yes
bake-sale-2.jpg,Counting up funds raised for the animal shelter,Bake Sale Fundraiser,2026-03-20,yes
clinic-visit-1.jpg,Shadowing the team on a clinic visit,Clinic Visits,2026-02-03,yes
clinic-visit-2.jpg,Learning about patient handling on site,Clinic Visits,2026-02-03,yes
