section,title,description,url,order,show
Placement tips,How to prepare for your first placement,"A checklist of what to bring, what to expect, and how to make a strong first impression at a new clinic.",https://example.com/TODO-placement-prep,1,yes
Placement tips,Writing a placement logbook that works for you,"Tips from final-year students on keeping a logbook that actually helps at exam time.",,2,yes
Placement tips,What to do if a placement isn't going well,"Who to talk to in the college and how to raise a concern early.",,3,yes
Careers info,Registering with the Veterinary Council of Ireland,"A step-by-step guide to registering once you qualify.",https://example.com/TODO-vci-registration,1,yes
Careers info,Finding your first graduate role,"Where ATU vet nursing graduates have gone, and how to start looking.",,2,yes
Careers info,Continuing professional development (CPD) options,"Short courses and CPD points once you're working.",,3,yes
Wellbeing support,Managing placement stress,"Practical tips from past students on pacing yourself during a busy placement block.",,1,yes
Wellbeing support,Talk to someone you trust,"You don't have to be struggling to reach out. A quick chat with a committee member is always welcome.",,2,yes
Placement tips,2025 Placement Handbook (outdated),"Last year's handbook, superseded by the current version.",,4,no
